"old","new"
"1111","111101"
"1111","111102"
"1111","111103"
"1112","111201"
"1112","111202"
"1112","111301"
"1121","111402"
"1122","111401"
"1122","111403"
"1122","111404"
"1123","111405"
"1211","112007"
"1211","112016"
"1211","112017"
"1211","112019"
"1212","112002"
"1212","112013"
"1212","112001"
"1212","112006"
"1212","112008"
"1212","112009"
"1212","112010"
"1212","112014"
"1212","112005"
"1212","112012"
"1212","112015"
"1212","112003"
"1212","112004"
"1212","112011"
"1212","112090"
"1212","112018"
"1221","131101"
"1221","131201"
"1221","131103"
"1222","132101"
"1222","132103"
"1222","132201"
"1222","132202"
"1222","132204"
"1222","132203"
"1223","132301"
"1224","142001"
"1224","142002"
"1224","522201"
"1224","522202"
"1225","141101"
"1225","141201"
"1226","133002"
"1227","134603"
"1227","134604"
"1227","134605"
"1228","143990"
"1229","134502"
"1229","143103"
"1229","143104"
"1229","134403"
"1229","134202"
"1229","134503"
"1229","134205"
"1229","134990"
"1231","121101"
"1231","121302"
"1231","121901"
"1231","121103"
"1232","121201"
"1232","121202"
"1232","121203"
"1233","122101"
"1233","122102"
"1234","122202"
"1235","132401"
"1235","132402"
"1235","132403"
"1235","132404"
"1236","133001"
"1236","133007"
"1237","122301"
"1237","122302"
"1237","133005"
"1237","133006"
"1239","121301"
"1239","334101"
"1239","132102"
"1239","143906"
"1239","121303"
"1239","121990"
"1239","133090"
"1311","612202"
"1311","611302"
"1311","613002"
"1311","611201"
"1311","611401"
"1311","611101"
"1311","612109"
"1311","131102"
"1311","131202"
"1312","132104"
"1313","132302"
"1314","143903"
"1314","142003"
"1314","142004"
"1314","522103"
"1315","143101"
"1315","143901"
"1315","141102"
"1315","141103"
"1315","143908"
"1315","143109"
"1315","143110"
"1315","141202"
"1315","143112"
"1315","141104"
"1315","143114"
"1315","143115"
"1316","132407"
"1316","132405"
"1316","132406"
"1316","133004"
"1317","121102"
"1317","134601"
"1317","122201"
"1317","134602"
"1317","143902"
"1317","143904"
"1317","143905"
"1317","134904"
"1317","134905"
"1317","121902"
"1317","122103"
"1317","121204"
"1317","133003"
"1317","134690"
"1318","134903"
"1318","143907"
"1318","121903"
"1319","134901"
"1319","134501"
"1319","134902"
"1319","134204"
"1319","143102"
"1319","134101"
"1319","134401"
"1319","143105"
"1319","134402"
"1319","134301"
"1319","143106"
"1319","134201"
"1319","143107"
"1319","143108"
"1319","143111"
"1319","134404"
"1319","134203"
"1319","134102"
"1319","143116"
"1319","134103"
"1319","134104"
"1319","143990"
"1319","143190"
"1319","134190"
"2111","211101"
"2111","211102"
"2111","211103"
"2112","211201"
"2112","211202"
"2112","211203"
"2113","211301"
"2113","211302"
"2114","211401"
"2114","211402"
"2114","211403"
"2114","211404"
"2114","211405"
"2114","211406"
"2114","211490"
"2121","212001"
"2121","212002"
"2121","212090"
"2122","212003"
"2122","212004"
"2131","252101"
"2131","351401"
"2131","351402"
"2131","252203"
"2131","252201"
"2131","252202"
"2131","252290"
"2131","252102"
"2131","251101"
"2131","252302"
"2131","251302"
"2131","252103"
"2131","251201"
"2131","251202"
"2131","251303"
"2131","251102"
"2131","251990"
"2131","251290"
"2131","251103"
"2132","251401"
"2132","251301"
"2132","351404"
"2132","251990"
"2139","252301"
"2139","252901"
"2139","251902"
"2139","262202"
"2139","251901"
"2139","262205"
"2139","351403"
"2139","251903"
"2139","251904"
"2141","216101"
"2141","216201"
"2141","216102"
"2141","216403"
"2141","216202"
"2141","214907"
"2142","214208"
"2142","214201"
"2142","214202"
"2142","214207"
"2142","214204"
"2142","214209"
"2142","214302"
"2142","214303"
"2142","214304"
"2142","214305"
"2142","214306"
"2142","214307"
"2142","242211"
"2142","214203"
"2142","214205"
"2142","214206"
"2142","214301"
"2142","214390"
"2142","214290"
"2143","215101"
"2143","215103"
"2143","215104"
"2143","215102"
"2143","215190"
"2144","215202"
"2144","215201"
"2144","215204"
"2144","215301"
"2144","215302"
"2145","214402"
"2145","214403"
"2145","214404"
"2145","214405"
"2145","214406"
"2145","214407"
"2145","214409"
"2145","214410"
"2145","214401"
"2145","214408"
"2145","214490"
"2146","214501"
"2146","214502"
"2146","214590"
"2147","214601"
"2147","214602"
"2147","214603"
"2147","214604"
"2147","214605"
"2147","214606"
"2147","214923"
"2147","214607"
"2147","214690"
"2148","216501"
"2148","216502"
"2148","216503"
"2148","216504"
"2148","216505"
"2148","216506"
"2148","216507"
"2148","216508"
"2148","216590"
"2149","228201"
"2149","214902"
"2149","214903"
"2149","214905"
"2149","214908"
"2149","214109"
"2149","214101"
"2149","214102"
"2149","214103"
"2149","214909"
"2149","214910"
"2149","243301"
"2149","214912"
"2149","214913"
"2149","214914"
"2149","214915"
"2149","214916"
"2149","214104"
"2149","214106"
"2149","215202"
"2149","214919"
"2149","214921"
"2149","214922"
"2149","214107"
"2149","228203"
"2149","214925"
"2149","216402"
"2149","214901"
"2149","214911"
"2149","214904"
"2149","214906"
"2149","216401"
"2149","214917"
"2149","214918"
"2149","214105"
"2149","214920"
"2149","214990"
"2149","214190"
"2149","214108"
"2149","214924"
"2149","214926"
"2149","214110"
"2211","213101"
"2211","213105"
"2211","213301"
"2211","213302"
"2211","213107"
"2211","213108"
"2211","227211"
"2211","213190"
"2212","213106"
"2213","213102"
"2213","213103"
"2213","211104"
"2213","213104"
"2221","213201"
"2221","213202"
"2221","213203"
"2221","213204"
"2221","213205"
"2221","213206"
"2221","213207"
"2221","213303"
"2221","213208"
"2221","213290"
"2221","213209"
"2222","228402"
"2222","214503"
"2222","228401"
"2231","221201"
"2231","221202"
"2231","221203"
"2231","221204"
"2231","221205"
"2231","221206"
"2231","221207"
"2231","221208"
"2231","221209"
"2231","221210"
"2231","221211"
"2231","221212"
"2231","221213"
"2231","221214"
"2231","221215"
"2231","221216"
"2231","221217"
"2231","221218"
"2231","221219"
"2231","221220"
"2231","221221"
"2231","221222"
"2231","221223"
"2231","221224"
"2231","221226"
"2231","221228"
"2231","221229"
"2231","221230"
"2231","221231"
"2231","221232"
"2231","221233"
"2231","221234"
"2231","221235"
"2231","221236"
"2231","221237"
"2231","221238"
"2231","221239"
"2231","221240"
"2231","221241"
"2231","221242"
"2231","221243"
"2231","221244"
"2231","221245"
"2231","221247"
"2231","221248"
"2231","221249"
"2231","221250"
"2231","221251"
"2231","221253"
"2231","221254"
"2231","221255"
"2231","221256"
"2231","221257"
"2231","221258"
"2231","221259"
"2231","221260"
"2231","221261"
"2231","221262"
"2231","221263"
"2231","221264"
"2231","221265"
"2231","221266"
"2231","221268"
"2231","221225"
"2231","221227"
"2231","221246"
"2231","221252"
"2231","221267"
"2231","221101"
"2231","221290"
"2232","226201"
"2232","226202"
"2232","226203"
"2232","226204"
"2232","226205"
"2232","226206"
"2232","226207"
"2232","226208"
"2232","226209"
"2232","226101"
"2232","226290"
"2233","225101"
"2233","225201"
"2233","225202"
"2233","225203"
"2233","225204"
"2233","225205"
"2233","225206"
"2233","225207"
"2233","225208"
"2233","225209"
"2233","225210"
"2233","225211"
"2233","225212"
"2233","225213"
"2233","225214"
"2233","225215"
"2233","225216"
"2233","225217"
"2234","228103"
"2234","228104"
"2234","228105"
"2234","228106"
"2234","228101"
"2234","228108"
"2234","228107"
"2234","228109"
"2234","228111"
"2234","228112"
"2234","228102"
"2234","228110"
"2234","228190"
"2239","227101"
"2239","227204"
"2239","227201"
"2239","227202"
"2239","227203"
"2239","227205"
"2239","227206"
"2239","227207"
"2239","227208"
"2239","227209"
"2239","227210"
"2239","227211"
"2239","227212"
"2239","227213"
"2239","227290"
"2239","228901"
"2239","228301"
"2239","228501"
"2239","228502"
"2239","228503"
"2239","228504"
"2239","228601"
"2239","228202"
"2239","242226"
"2239","224001"
"2239","263407"
"2239","228906"
"2239","228907"
"2239","228204"
"2239","228908"
"2239","228903"
"2239","228904"
"2239","228902"
"2239","228990"
"2241","222101"
"2241","222202"
"2241","222203"
"2241","222204"
"2241","222205"
"2241","222206"
"2241","222207"
"2241","222208"
"2241","222209"
"2241","222210"
"2241","222211"
"2241","222212"
"2241","222213"
"2241","222214"
"2241","222215"
"2241","222216"
"2241","222217"
"2241","222218"
"2241","222219"
"2241","222220"
"2241","222221"
"2241","222201"
"2241","222222"
"2241","222290"
"2242","223101"
"2242","223202"
"2242","223203"
"2242","223204"
"2242","223205"
"2242","223206"
"2242","223201"
"2242","223207"
"2242","223290"
"2311","231001"
"2311","231002"
"2311","231003"
"2311","231004"
"2311","231005"
"2311","231006"
"2311","231007"
"2311","231008"
"2311","231009"
"2311","231010"
"2311","231011"
"2311","231012"
"2311","231013"
"2311","231014"
"2311","231015"
"2311","231016"
"2311","231017"
"2311","231018"
"2311","231019"
"2311","231020"
"2311","231021"
"2311","231090"
"2321","233001"
"2321","233002"
"2321","233003"
"2321","233004"
"2321","233005"
"2321","233006"
"2321","233007"
"2321","235601"
"2321","233008"
"2321","233009"
"2321","233010"
"2321","233011"
"2321","233013"
"2321","233014"
"2321","233012"
"2321","233015"
"2321","233016"
"2321","233017"
"2321","232002"
"2321","232003"
"2321","232004"
"2321","232005"
"2321","232006"
"2321","232007"
"2321","233018"
"2321","233020"
"2321","233021"
"2321","233023"
"2321","233025"
"2321","233024"
"2321","233019"
"2321","233022"
"2321","233090"
"2321","232090"
"2331","234101"
"2331","234102"
"2331","234103"
"2331","234104"
"2331","234105"
"2331","234106"
"2331","234107"
"2331","234109"
"2331","234110"
"2331","234108"
"2331","234111"
"2331","234112"
"2331","234113"
"2331","234114"
"2331","234115"
"2331","234116"
"2331","234117"
"2331","234118"
"2331","234190"
"2332","234201"
"2341","235201"
"2341","235203"
"2341","235204"
"2341","235205"
"2341","235202"
"2341","235290"
"2351","235105"
"2351","235106"
"2351","235101"
"2351","235901"
"2351","235102"
"2351","235103"
"2351","235990"
"2351","235190"
"2352","235109"
"2353","235903"
"2353","235990"
"2359","235904"
"2359","235905"
"2359","235906"
"2359","235908"
"2359","235909"
"2359","235401"
"2359","235503"
"2359","235910"
"2359","235912"
"2359","235914"
"2359","235915"
"2359","242401"
"2359","235301"
"2359","235302"
"2359","235303"
"2359","235304"
"2359","235305"
"2359","235902"
"2359","235306"
"2359","235907"
"2359","235911"
"2359","235390"
"2359","235990"
"2359","235913"
"2359","234202"
"2411","263101"
"2411","263102"
"2412","241101"
"2412","242210"
"2412","241304"
"2412","241306"
"2412","241103"
"2412","241104"
"2412","241105"
"2412","241106"
"2412","241307"
"2412","241201"
"2412","241308"
"2412","241309"
"2412","241301"
"2412","241302"
"2412","241202"
"2412","241390"
"2412","241303"
"2412","241305"
"2412","241310"
"2413","242301"
"2413","242303"
"2413","242304"
"2413","242309"
"2413","242490"
"2413","242402"
"2413","242403"
"2413","242310"
"2413","242307"
"2413","242302"
"2413","242305"
"2413","242306"
"2413","242390"
"2413","242308"
"2413","242311"
"2413","242312"
"2414","244101"
"2414","244102"
"2414","244103"
"2414","244190"
"2419","242212"
"2419","242204"
"2419","241204"
"2419","242190"
"2419","242105"
"2419","243303"
"2419","243306"
"2419","242216"
"2419","214210"
"2419","243101"
"2419","243105"
"2419","242107"
"2419","243401"
"2419","243104"
"2419","243106"
"2419","243305"
"2419","243402"
"2419","242220"
"2419","242205"
"2419","242108"
"2419","242221"
"2419","242222"
"2419","243203"
"2419","243107"
"2419","242101"
"2419","242201"
"2419","242202"
"2419","242203"
"2419","242102"
"2419","242225"
"2419","242206"
"2419","243201"
"2419","243202"
"2419","242103"
"2419","243103"
"2419","242104"
"2419","243302"
"2419","242218"
"2419","242106"
"2419","243304"
"2419","241102"
"2419","242223"
"2419","242109"
"2419","242224"
"2419","242110"
"2419","242227"
"2421","261101"
"2421","261102"
"2421","261907"
"2421","261103"
"2422","261201"
"2429","261901"
"2429","261902"
"2429","261903"
"2429","261904"
"2429","261905"
"2429","261906"
"2429","261908"
"2429","261990"
"2431","262101"
"2431","262102"
"2432","262203"
"2432","262201"
"2432","262204"
"2432","262290"
"2432","262206"
"2432","262207"
"2441","263201"
"2441","263202"
"2441","263203"
"2441","235107"
"2441","235108"
"2441","263204"
"2441","263290"
"2442","263301"
"2442","263302"
"2442","263303"
"2442","263304"
"2442","263305"
"2442","263306"
"2443","264301"
"2443","264302"
"2443","264303"
"2443","264310"
"2443","264314"
"2443","264315"
"2443","264390"
"2443","264304"
"2443","264305"
"2443","264306"
"2443","264307"
"2443","264308"
"2443","264309"
"2443","264311"
"2443","264312"
"2443","264313"
"2444","263401"
"2444","263403"
"2444","228905"
"2444","263490"
"2444","263402"
"2444","263404"
"2444","263405"
"2444","263406"
"2444","263408"
"2444","263409"
"2445","263501"
"2445","263504"
"2445","263503"
"2445","263502"
"2445","263506"
"2445","263590"
"2445","263505"
"2451","264201"
"2451","264101"
"2451","264202"
"2451","264203"
"2451","264102"
"2451","264204"
"2451","264104"
"2451","264105"
"2451","243102"
"2451","264103"
"2451","264190"
"2451","264205"
"2452","265101"
"2452","265102"
"2452","265103"
"2452","265104"
"2452","265105"
"2452","216302"
"2452","216304"
"2452","265106"
"2452","265190"
"2453","265201"
"2453","265202"
"2453","265203"
"2453","265204"
"2453","265205"
"2453","265206"
"2453","265290"
"2454","265301"
"2454","265390"
"2454","265302"
"2455","265501"
"2455","265502"
"2455","265503"
"2455","265401"
"2455","143113"
"2455","265402"
"2455","265406"
"2455","265407"
"2455","265408"
"2455","265409"
"2455","265403"
"2455","265490"
"2455","265404"
"2455","265405"
"2456","265990"
"2456","265901"
"2461","263603"
"2461","263604"
"2461","263605"
"2461","263690"
"2462","263601"
"2462","263602"
"2462","263690"
"2463","263606"
"2471","335101"
"2471","242209"
"2471","242212"
"2471","242214"
"2471","242215"
"2471","242213"
"2471","242207"
"2471","242208"
"2471","335907"
"2471","335908"
"2471","242290"
"2479","242217"
"2479","242219"
"2479","242290"
"3111","314101"
"3111","314102"
"3111","311101"
"3111","311102"
"3111","311103"
"3111","311104"
"3111","311105"
"3111","311106"
"3111","311107"
"3111","311108"
"3111","311109"
"3111","314190"
"3111","311190"
"3112","311201"
"3112","311202"
"3112","311203"
"3112","312304"
"3112","311204"
"3112","312306"
"3112","311205"
"3112","312301"
"3112","311206"
"3112","311207"
"3112","312302"
"3112","311208"
"3112","325511"
"3112","311209"
"3112","312303"
"3112","312305"
"3112","312390"
"3112","311290"
"3113","311302"
"3113","311303"
"3113","311304"
"3113","311306"
"3113","311390"
"3113","311305"
"3114","312204"
"3114","311408"
"3114","352203"
"3114","311410"
"3114","311401"
"3114","311404"
"3114","352290"
"3114","311490"
"3114","311406"
"3115","311910"
"3115","311504"
"3115","311512"
"3115","312207"
"3115","311590"
"3115","311507"
"3115","311505"
"3115","311506"
"3115","311508"
"3115","311509"
"3115","311510"
"3115","311511"
"3115","311513"
"3116","311601"
"3116","311602"
"3116","311603"
"3116","311606"
"3116","312201"
"3116","311690"
"3116","311604"
"3116","311605"
"3117","312101"
"3117","311701"
"3117","312102"
"3117","311702"
"3117","312103"
"3117","311703"
"3117","311704"
"3117","311705"
"3117","311707"
"3117","312206"
"3117","311790"
"3117","311706"
"3118","216601"
"3118","216602"
"3118","216605"
"3118","311890"
"3118","311801"
"3118","311802"
"3118","216603"
"3118","216690"
"3118","216604"
"3118","216606"
"3118","311911"
"3119","311901"
"3119","311903"
"3119","311407"
"3119","311912"
"3119","311914"
"3119","311915"
"3119","311916"
"3119","311917"
"3119","311918"
"3119","311921"
"3119","312202"
"3119","311922"
"3119","311923"
"3119","311924"
"3119","311925"
"3119","311926"
"3119","311928"
"3119","311931"
"3119","312209"
"3119","311932"
"3119","311930"
"3119","312203"
"3119","312290"
"3119","311990"
"3119","311906"
"3119","311907"
"3119","311908"
"3119","311909"
"3119","311307"
"3119","311913"
"3119","311920"
"3119","311927"
"3119","311929"
"3121","351201"
"3121","351203"
"3121","351303"
"3121","351202"
"3121","351290"
"3122","351302"
"3122","351103"
"3122","351101"
"3122","351102"
"3122","351301"
"3122","351390"
"3123","313901"
"3131","352102"
"3131","352103"
"3131","352104"
"3131","343101"
"3131","343102"
"3131","343104"
"3131","352107"
"3131","352108"
"3131","352109"
"3131","352110"
"3131","352111"
"3131","352112"
"3131","352116"
"3131","352117"
"3131","352118"
"3131","343912"
"3131","352121"
"3131","343103"
"3131","352105"
"3131","352113"
"3131","343909"
"3131","352101"
"3131","352119"
"3131","352190"
"3131","352120"
"3132","352106"
"3132","352202"
"3132","352201"
"3132","352114"
"3132","352115"
"3132","352290"
"3133","311905"
"3141","315101"
"3141","315102"
"3141","315103"
"3141","315105"
"3141","315190"
"3142","315201"
"3142","315202"
"3142","315203"
"3142","315204"
"3142","315205"
"3142","315206"
"3142","315208"
"3142","315211"
"3142","315212"
"3142","131203"
"3142","315214"
"3142","315215"
"3142","315216"
"3142","315207"
"3142","315209"
"3142","315210"
"3142","315290"
"3143","315301"
"3143","315501"
"3143","315302"
"3143","315303"
"3143","315304"
"3143","315307"
"3143","315308"
"3143","315311"
"3143","315312"
"3143","315313"
"3143","315315"
"3143","315316"
"3143","315317"
"3143","315305"
"3143","315309"
"3143","315390"
"3144","315401"
"3144","315402"
"3144","315403"
"3144","315404"
"3144","315490"
"3145","315501"
"3146","315490"
"3146","315306"
"3146","315308"
"3146","315310"
"3146","315311"
"3146","315312"
"3146","315314"
"3146","315305"
"3146","315390"
"3151","335901"
"3151","335904"
"3151","335906"
"3151","311919"
"3151","335902"
"3151","335903"
"3151","335990"
"3152","311501"
"3152","325502"
"3152","325509"
"3152","325503"
"3152","313303"
"3152","325504"
"3152","335909"
"3152","311902"
"3152","311405"
"3152","311301"
"3152","311502"
"3152","311904"
"3152","314401"
"3152","313302"
"3152","313301"
"3152","313401"
"3152","313304"
"3152","313501"
"3152","313305"
"3152","313902"
"3152","313502"
"3152","313306"
"3152","313307"
"3152","313503"
"3152","313504"
"3152","313505"
"3152","313590"
"3152","313990"
"3152","313390"
"3152","311503"
"3152","325510"
"3152","325501"
"3152","335990"
"3152","325590"
"3152","325508"
"3211","321201"
"3212","314201"
"3212","314103"
"3212","314202"
"3212","314203"
"3212","314204"
"3212","314301"
"3212","314205"
"3212","314206"
"3212","314207"
"3212","314208"
"3212","314290"
"3213","314404"
"3213","314405"
"3213","314406"
"3213","314407"
"3213","314408"
"3213","314409"
"3213","314410"
"3213","314411"
"3213","314402"
"3213","314412"
"3213","314413"
"3213","314414"
"3213","314415"
"3213","314416"
"3213","314417"
"3213","312208"
"3213","314490"
"3214","322001"
"3214","322002"
"3221","325902"
"3221","325505"
"3221","325590"
"3222","325301"
"3222","325302"
"3223","325101"
"3223","325102"
"3223","321402"
"3224","325402"
"3224","325401"
"3224","321403"
"3224","325907"
"3225","325506"
"3225","324001"
"3225","324002"
"3225","325512"
"3225","516406"
"3226","312205"
"3226","321301"
"3227","321101"
"3227","321102"
"3227","311409"
"3227","321103"
"3227","321190"
"3229","325901"
"3229","325903"
"3229","325906"
"3229","321401"
"3229","325601"
"3229","325904"
"3229","325990"
"3229","325201"
"3311","235501"
"3311","516501"
"3311","516502"
"3311","342306"
"3311","235502"
"3311","232001"
"3411","331101"
"3411","241203"
"3411","331102"
"3411","331103"
"3411","331190"
"3411","331104"
"3411","331105"
"3412","332101"
"3412","431202"
"3412","332103"
"3412","332104"
"3412","332102"
"3412","331502"
"3412","334401"
"3414","422103"
"3414","422101"
"3414","343401"
"3414","343403"
"3414","422402"
"3414","422401"
"3414","515203"
"3415","522305"
"3415","522390"
"3415","524402"
"3415","332201"
"3415","332203"
"3415","332202"
"3415","524404"
"3415","333903"
"3415","333904"
"3415","333905"
"3416","332301"
"3416","332302"
"3417","333902"
"3417","331503"
"3417","331504"
"3417","331505"
"3417","331506"
"3417","331507"
"3417","331508"
"3419","331203"
"3419","331403"
"3419","331490"
"3419","331402"
"3419","441901"
"3419","333401"
"3419","331290"
"3419","331201"
"3419","331202"
"3421","332401"
"3421","332402"
"3421","332490"
"3422","333101"
"3422","333102"
"3422","333103"
"3422","333106"
"3422","333108"
"3422","333105"
"3422","333107"
"3422","333190"
"3422","333104"
"3423","333301"
"3423","333390"
"3423","333302"
"3429","333906"
"3429","333990"
"3429","333901"
"3429","343908"
"3429","333201"
"3429","342204"
"3429","333203"
"3429","333205"
"3429","333202"
"3429","333204"
"3431","334306"
"3431","334390"
"3431","334402"
"3431","341102"
"3431","334302"
"3431","334304"
"3431","334305"
"3431","334201"
"3431","334301"
"3431","334303"
"3431","341103"
"3432","331301"
"3441","335101"
"3441","335102"
"3442","335201"
"3442","335202"
"3442","335203"
"3442","335290"
"3443","335301"
"3443","335390"
"3444","335103"
"3444","335401"
"3444","335402"
"3444","335490"
"3444","335403"
"3444","335404"
"3449","335905"
"3449","335290"
"3451","335502"
"3451","541304"
"3451","541305"
"3451","335501"
"3451","335590"
"3451","335503"
"3452","335701"
"3453","335601"
"3453","335602"
"3453","335690"
"3461","341201"
"3461","341203"
"3461","341204"
"3461","341205"
"3461","341202"
"3461","341290"
"3461","341206"
"3471","343203"
"3471","343204"
"3471","216303"
"3471","514208"
"3471","343201"
"3471","343202"
"3471","343290"
"3471","216301"
"3471","343205"
"3472","343904"
"3472","265602"
"3472","265603"
"3472","265604"
"3472","265605"
"3472","265606"
"3472","343915"
"3472","265601"
"3473","343601"
"3473","343602"
"3473","343603"
"3473","265207"
"3473","343701"
"3473","343990"
"3474","343502"
"3474","343905"
"3474","343906"
"3474","343501"
"3474","343503"
"3474","343504"
"3474","343505"
"3474","343590"
"3474","343506"
"3474","343507"
"3475","342101"
"3475","342201"
"3475","342304"
"3475","342301"
"3475","342302"
"3475","342305"
"3475","342202"
"3475","342203"
"3475","342205"
"3475","342206"
"3475","342102"
"3475","342207"
"3475","342208"
"3475","342209"
"3475","342303"
"3475","342308"
"3475","342307"
"3475","342309"
"3475","342390"
"3475","342310"
"3476","343901"
"3477","343902"
"3477","343907"
"3477","343914"
"3477","343990"
"3478","343910"
"3478","343911"
"3481","441402"
"3481","441403"
"3481","441490"
"3481","441401"
"3482","343303"
"3482","343390"
"3482","343301"
"3482","441101"
"3482","343302"
"3491","341301"
"3491","341302"
"3491","341390"
"4111","412001"
"4112","413102"
"4112","413103"
"4113","413201"
"4114","413101"
"4114","413104"
"4121","331401"
"4121","431201"
"4121","431101"
"4121","431103"
"4121","431203"
"4121","431102"
"4121","431290"
"4121","331490"
"4121","431301"
"4131","432101"
"4131","432102"
"4131","432103"
"4131","432104"
"4131","343913"
"4131","432190"
"4132","432201"
"4133","432302"
"4133","432303"
"4133","432304"
"4133","432301"
"4133","432390"
"4141","441203"
"4141","441201"
"4141","432303"
"4141","441202"
"4141","441290"
"4142","422701"
"4142","441301"
"4142","441302"
"4142","441390"
"4191","411004"
"4191","411090"
"4191","411002"
"4191","441501"
"4191","441502"
"4191","411003"
"4191","411001"
"4191","441990"
"4211","523001"
"4211","523002"
"4211","523003"
"4211","523090"
"4212","421103"
"4212","421104"
"4212","421106"
"4212","421107"
"4212","421190"
"4212","421301"
"4213","421101"
"4213","421108"
"4213","421102"
"4213","421105"
"4213","421190"
"4213","421109"
"4214","421401"
"4214","421402"
"4214","421403"
"4214","421490"
"4215","421201"
"4215","421202"
"4215","421203"
"4215","421290"
"4216","421302"
"4221","422201"
"4221","422501"
"4221","422101"
"4221","422502"
"4221","422590"
"4221","422102"
"4222","422602"
"4222","422603"
"4222","422601"
"4222","422401"
"4223","422301"
"5111","511101"
"5111","511102"
"5111","511190"
"5112","511201"
"5112","511202"
"5112","511203"
"5112","511204"
"5112","511205"
"5112","511206"
"5112","511290"
"5113","511301"
"5113","511302"
"5113","511303"
"5113","511304"
"5121","515201"
"5121","515101"
"5121","515102"
"5121","515204"
"5121","515202"
"5121","515190"
"5121","515290"
"5122","512001"
"5122","512002"
"5122","343402"
"5122","512090"
"5123","513202"
"5123","524601"
"5123","513101"
"5123","513201"
"5123","513203"
"5131","531105"
"5131","325905"
"5131","531104"
"5131","531101"
"5131","531201"
"5131","531202"
"5131","531102"
"5131","531103"
"5131","531190"
"5132","532101"
"5132","532902"
"5132","532904"
"5132","532905"
"5132","532102"
"5132","532190"
"5133","532201"
"5133","532202"
"5133","532290"
"5139","516303"
"5139","532901"
"5139","754401"
"5139","532903"
"5139","532990"
"5141","514201"
"5141","514101"
"5141","514105"
"5141","514202"
"5141","514207"
"5141","514203"
"5141","514204"
"5141","514208"
"5141","514102"
"5141","514103"
"5141","514104"
"5141","514290"
"5141","514205"
"5141","514206"
"5142","524904"
"5142","516201"
"5142","516990"
"5143","516302"
"5143","516304"
"5143","516301"
"5143","516390"
"5144","323002"
"5144","323003"
"5144","323011"
"5144","323001"
"5144","323004"
"5144","323005"
"5144","323006"
"5144","323007"
"5144","323008"
"5144","323009"
"5144","323010"
"5144","323090"
"5149","516101"
"5149","516901"
"5149","516102"
"5149","516990"
"5151","541101"
"5152","541201"
"5153","541314"
"5159","341101"
"5159","541315"
"5159","541390"
"5159","541903"
"5159","541905"
"5159","541906"
"5159","541907"
"5159","541908"
"5159","541312"
"5159","325507"
"5159","541990"
"5159","541909"
"5159","541313"
"5159","541904"
"5159","541301"
"5159","541302"
"5159","541303"
"5159","541901"
"5159","541308"
"5159","541309"
"5159","541310"
"5159","541311"
"5159","541902"
"5211","524101"
"5211","524102"
"5211","962202"
"5211","524190"
"5221","522101"
"5221","524901"
"5221","524201"
"5221","524903"
"5221","524401"
"5221","522306"
"5221","522390"
"5221","522301"
"5221","524502"
"5221","524902"
"5221","524501"
"5221","522102"
"5221","524302"
"5221","524990"
"5221","521101"
"5221","521102"
"5221","522302"
"5221","522303"
"5221","522304"
"6111","611102"
"6111","611103"
"6111","611403"
"6111","611104"
"6111","611190"
"6111","611402"
"6121","612102"
"6121","612103"
"6121","612104"
"6121","612105"
"6121","612107"
"6121","613001"
"6121","612101"
"6121","612108"
"6121","612110"
"6121","612190"
"6122","612201"
"6122","612203"
"6129","612901"
"6129","612301"
"6129","612902"
"6129","612106"
"6129","612903"
"6129","516402"
"6129","612302"
"6129","516404"
"6129","516405"
"6129","516403"
"6129","516407"
"6129","516401"
"6129","612990"
"6129","516490"
"6131","613003"
"6131","611190"
"6131","612990"
"6211","611304"
"6211","611305"
"6211","611307"
"6211","611308"
"6211","611309"
"6211","611310"
"6211","611311"
"6211","611390"
"6212","611306"
"6212","611301"
"6213","611202"
"6213","611203"
"6213","611290"
"6311","621001"
"6311","621002"
"6311","621003"
"6311","621090"
"6321","622101"
"6321","622102"
"6322","622101"
"6322","622201"
"6331","622301"
"6411","632001"
"6411","633001"
"6411","631001"
"6411","634002"
"6411","634001"
"7111","811101"
"7111","811102"
"7111","811111"
"7111","811190"
"7112","754201"
"7113","711301"
"7121","711201"
"7121","711202"
"7121","711203"
"","711204"
"7121","711990"
"7122","711401"
"7122","711402"
"7122","711403"
"7122","711404"
"7122","711990"
"7123","711501"
"7123","711503"
"7123","711504"
"7123","711502"
"7124","711601"
"7124","711603"
"7124","711605"
"7124","931290"
"7124","711602"
"7124","711604"
"7124","711606"
"7125","931203"
"7125","711701"
"7125","931290"
"7129","711101"
"7129","711901"
"7129","711102"
"7129","711903"
"7129","711103"
"7129","711904"
"7129","711902"
"7129","754901"
"7129","711990"
"7131","712101"
"7132","712202"
"7132","712203"
"7132","712204"
"7132","712201"
"7132","712290"
"7133","712302"
"7133","712303"
"7133","712301"
"7133","712390"
"7134","712401"
"7134","712402"
"7134","712403"
"7134","712490"
"7134","712404"
"7135","712501"
"7135","712903"
"7135","712503"
"7135","712504"
"7135","712505"
"7135","712502"
"7135","712990"
"7136","712602"
"7136","712603"
"7136","712703"
"7136","712601"
"7136","712615"
"","712616"
"7136","712690"
"7137","712608"
"7137","712609"
"7137","712610"
"7137","712612"
"7137","712990"
"7138","712605"
"7138","712606"
"7138","712607"
"7138","712612"
"7139","712904"
"","712905"
"7139","712901"
"7139","712902"
"7139","712614"
"7139","712990"
"7141","713102"
"7141","713103"
"7141","713101"
"7141","713190"
"7141","713104"
"7141","713105"
"7142","713203"
"7142","713205"
"7142","713206"
"7142","713207"
"7142","713202"
"7142","713204"
"7142","713208"
"7142","713290"
"7143","713301"
"7143","713302"
"7143","713303"
"7143","713304"
"7143","713208"
"7143","713390"
"7211","721101"
"7211","721102"
"7211","721103"
"7211","721104"
"7211","721190"
"7211","721105"
"7212","721201"
"7212","721207"
"7212","721208"
"7212","721209"
"7212","721290"
"7212","721204"
"7212","721205"
"7212","721206"
"7213","721304"
"7213","721305"
"7213","721306"
"7213","721302"
"7213","721303"
"7213","721301"
"7214","721402"
"7214","721403"
"7214","721404"
"7214","721405"
"7214","721401"
"7214","721490"
"7215","721501"
"7215","721502"
"7215","721503"
"7215","721504"
"7215","721590"
"7216","754102"
"7216","754105"
"7216","754101"
"7216","754103"
"7216","754104"
"7221","812102"
"7221","722101"
"7221","722102"
"7221","722103"
"7221","722104"
"7221","722190"
"7222","722201"
"7222","722202"
"7222","722203"
"7222","722204"
"7222","722205"
"7222","722206"
"7222","722207"
"7222","722290"
"7223","722301"
"7223","722311"
"7223","722312"
"7223","722314"
"7223","722315"
"7223","722316"
"7223","722390"
"7223","722313"
"7224","722401"
"7224","722402"
"7224","722490"
"7231","723101"
"7231","723102"
"7231","723401"
"7231","723104"
"7231","723105"
"7231","723103"
"7231","834103"
"7231","723106"
"7231","723190"
"7232","723201"
"7232","723202"
"7232","723203"
"7232","723204"
"7232","723290"
"7233","723303"
"7233","723304"
"7233","723305"
"7233","723306"
"7233","723307"
"7233","723311"
"7233","834103"
"7233","723312"
"7233","723302"
"7233","712702"
"7233","723314"
"7233","723316"
"7233","723313"
"7233","723310"
"7233","723301"
"7233","723308"
"7233","723309"
"7233","712701"
"7233","723315"
"7233","723317"
"7233","723390"
"7241","741202"
"7241","741203"
"7241","741204"
"7241","741205"
"7241","741206"
"7241","741290"
"7242","741207"
"7242","741209"
"7242","741210"
"7242","741211"
"7242","741212"
"7242","741213"
"7242","741214"
"7242","741215"
"7242","741216"
"7242","741217"
"7242","741218"
"7242","741219"
"7242","741208"
"7242","741220"
"7242","742115"
"7242","741290"
"7243","741101"
"7243","741102"
"7243","741104"
"7243","741190"
"7244","741301"
"7244","741302"
"7244","741303"
"7244","741304"
"7244","741305"
"7244","741390"
"7251","742103"
"7251","742104"
"7251","742105"
"7251","742106"
"7251","742107"
"7251","742108"
"7251","742109"
"7251","742110"
"7251","742111"
"7251","742112"
"7251","742101"
"7251","742116"
"7251","311402"
"7251","311403"
"7251","742102"
"7251","742113"
"7251","742190"
"7251","742117"
"7252","742201"
"7252","742203"
"7253","742114"
"7311","731101"
"7311","731102"
"7311","731104"
"7311","731105"
"7311","731106"
"7311","731190"
"7312","731201"
"7312","731202"
"7312","731203"
"7312","731204"
"7312","731206"
"7312","731207"
"7312","731290"
"7313","731301"
"7313","331501"
"7313","731302"
"7313","731303"
"7313","731304"
"7313","731305"
"7313","731390"
"7321","731401"
"7321","731402"
"7321","731403"
"7321","731404"
"7321","731405"
"7321","731406"
"7321","731407"
"7321","731408"
"7321","731409"
"7321","731490"
"7322","731501"
"7322","731502"
"7322","731503"
"7322","731504"
"7322","731505"
"7322","731506"
"7322","731507"
"7322","731508"
"7322","731590"
"7323","731603"
"7323","731604"
"7323","731607"
"7323","731690"
"7324","731601"
"7324","731602"
"7324","731605"
"7324","731606"
"7324","731608"
"7324","731609"
"7324","731610"
"7324","731690"
"7331","731701"
"7331","731901"
"7331","731705"
"7331","731902"
"7331","731903"
"7331","731904"
"7331","731990"
"7341","732105"
"7341","732109"
"7341","732290"
"7342","732190"
"7343","732103"
"7343","732104"
"7343","732190"
"7343","732106"
"7343","732107"
"7343","732108"
"7343","732111"
"7343","732112"
"7343","732113"
"7344","732101"
"7344","732102"
"7344","732110"
"7344","732190"
"7345","732302"
"7345","732303"
"7345","732290"
"7346","732202"
"7346","732203"
"7411","751101"
"7411","751103"
"7411","751104"
"7411","751105"
"7411","751106"
"","751107"
"7411","751102"
"7411","751190"
"7412","751201"
"7412","751203"
"7412","751204"
"7412","751202"
"7412","751290"
"7413","751301"
"7413","751302"
"7413","751390"
"7414","751401"
"7414","751402"
"7414","751490"
"7415","751502"
"7415","751504"
"7415","751505"
"7415","751501"
"7415","751503"
"7415","751590"
"7421","752101"
"7421","752102"
"7421","752103"
"7421","752104"
"7421","752105"
"7421","752106"
"7421","752190"
"7422","752201"
"7422","752202"
"7422","752203"
"7422","752205"
"7422","752206"
"7422","752207"
"7422","752208"
"7422","752209"
"7422","752290"
"7422","752204"
"7423","752301"
"7423","752305"
"7423","752306"
"7423","752307"
"7423","752308"
"7423","752309"
"7423","752310"
"7423","752311"
"7423","752312"
"7423","752390"
"7424","731702"
"7424","731703"
"7424","731704"
"7424","731706"
"7424","731707"
"7424","731708"
"7424","731790"
"7431","731805"
"7431","731806"
"7431","731890"
"7432","731801"
"7432","731802"
"7432","731803"
"7432","731804"
"7432","731807"
"7432","731809"
"7432","731890"
"7433","753101"
"7433","753102"
"7433","753103"
"7433","753105"
"7433","753107"
"7433","753108"
"7433","753190"
"7434","753104"
"7434","753106"
"7434","753190"
"7435","753202"
"7435","753201"
"7436","343903"
"7436","753301"
"7436","753302"
"7436","753303"
"7436","753304"
"7436","753305"
"7436","753390"
"7437","753401"
"7437","753402"
"7437","753403"
"7437","753490"
"7441","753502"
"7441","753505"
"7441","753503"
"7441","753504"
"7441","753590"
"7442","753701"
"7442","753702"
"7442","753703"
"7443","753601"
"7443","753603"
"7443","753604"
"7443","753605"
"7443","753606"
"7443","753590"
"8111","811103"
"8111","811104"
"8111","811105"
"8111","811106"
"8111","811110"
"8111","811107"
"8111","811108"
"8111","811109"
"8111","811190"
"8112","811201"
"8112","811202"
"8112","811203"
"8112","811204"
"8113","811301"
"8113","811302"
"8113","811303"
"8113","811390"
"8113","811304"
"","811305"
"8121","812108"
"8121","812110"
"8121","812112"
"8121","812113"
"8121","812116"
"8121","812117"
"8121","812119"
"8121","812120"
"8121","812111"
"8121","812190"
"8122","812105"
"8122","812107"
"8122","812114"
"8122","812115"
"8122","812190"
"8123","812103"
"8123","812109"
"8123","812190"
"8124","812101"
"8124","812104"
"8124","812118"
"8124","812190"
"8131","818101"
"8131","818102"
"8131","818103"
"8131","818104"
"8131","818109"
"8131","818110"
"8131","818111"
"8131","818112"
"8131","818114"
"8131","818121"
"8131","818124"
"8131","818190"
"8132","818106"
"8132","818107"
"8132","818108"
"8132","818113"
"8132","818117"
"8132","818118"
"8132","818119"
"8132","818120"
"8132","818125"
"8132","818126"
"8132","818190"
"8139","818105"
"8139","818122"
"8139","818123"
"8139","818190"
"8141","817201"
"8141","817202"
"8141","817203"
"8141","817204"
"8141","817205"
"8141","817206"
"8141","817207"
"8141","817208"
"8141","817209"
"8141","817290"
"8142","817102"
"8142","817103"
"8142","817107"
"8142","817109"
"8142","817111"
"8142","817112"
"8142","817113"
"8142","817114"
"8142","817190"
"8143","817101"
"8143","817104"
"8143","817105"
"8143","817106"
"8143","817108"
"8143","817110"
"8143","817190"
"8151","813130"
"8151","813131"
"8151","813133"
"8151","813135"
"8151","813190"
"8152","813109"
"8152","813110"
"8152","813190"
"8153","813107"
"8153","813108"
"8153","813129"
"8153","813136"
"8153","813138"
"8153","813190"
"8154","813101"
"8154","813105"
"8154","813106"
"8154","813111"
"8154","813112"
"8154","813137"
"8154","813190"
"8155","813128"
"8156","813121"
"8156","813124"
"8156","813132"
"8156","813190"
"8159","813114"
"8159","813115"
"8159","813116"
"8159","813117"
"8159","813119"
"8159","813125"
"8159","813139"
"8159","813190"
"8161","313101"
"8161","313102"
"8161","313103"
"8161","313104"
"8161","313106"
"8161","313107"
"8161","313108"
"8161","313109"
"8161","313110"
"8161","313105"
"8161","313190"
"8162","818201"
"8162","818202"
"8162","818203"
"8162","818204"
"8162","818205"
"8162","818206"
"8162","818290"
"8163","313201"
"8163","313202"
"8163","313203"
"8163","313204"
"8163","313205"
"8163","313206"
"8163","313207"
"8163","313208"
"8163","313209"
"8163","313290"
"8171","313904"
"8172","313903"
"8211","721202"
"8211","722302"
"8211","722303"
"8211","722304"
"8211","722305"
"8211","722306"
"8211","722308"
"8211","722309"
"8211","722310"
"8211","721203"
"8211","722390"
"8212","811401"
"8212","811402"
"8212","811403"
"8212","811404"
"8212","811405"
"8212","811407"
"8212","811408"
"8212","811409"
"8212","811406"
"8212","811490"
"8221","813113"
"8221","813123"
"8221","813126"
"8221","813127"
"8221","813190"
"8222","813104"
"8222","813118"
"8222","813190"
"8223","812201"
"8223","812202"
"8223","812203"
"8223","812204"
"8223","812205"
"8223","812206"
"8223","812207"
"8223","812290"
"8224","813202"
"8224","813201"
"8224","813290"
"8229","813102"
"8229","813103"
"8229","813120"
"8229","813122"
"8229","813190"
"8231","814101"
"8231","814102"
"8231","814103"
"8231","814104"
"8231","814190"
"8231","814105"
"8232","814201"
"8232","814202"
"8232","814203"
"8232","814205"
"8232","814206"
"8232","814207"
"8232","814204"
"8232","814208"
"","814209"
"8232","814290"
"8241","752302"
"8241","752303"
"8241","752304"
"8241","752390"
"8251","732204"
"8251","732205"
"8251","732206"
"8251","732207"
"8251","732208"
"8251","732290"
"8252","732304"
"8253","814301"
"8253","814302"
"8253","814303"
"8253","814304"
"8253","814305"
"8253","814306"
"8253","814307"
"8253","814308"
"8253","814390"
"8261","815101"
"8261","815102"
"8261","815103"
"8261","815190"
"8262","815201"
"8262","815202"
"8262","815203"
"8262","815290"
"8263","815301"
"8264","815401"
"8264","815701"
"8264","815702"
"8264","815990"
"8265","815501"
"8265","815502"
"8265","815503"
"8265","815590"
"8266","815601"
"8266","815603"
"8266","815604"
"8266","815602"
"8266","815690"
"8269","815901"
"8269","815902"
"8269","815903"
"8269","815904"
"8269","815990"
"8271","816026"
"8271","816028"
"8271","816030"
"8271","816090"
"8272","816005"
"8272","816018"
"8272","816090"
"8273","816011"
"8273","816021"
"8273","816022"
"8273","816023"
"8273","816090"
"8274","816007"
"8274","816009"
"8274","816012"
"8274","816017"
"8274","816090"
"8275","816008"
"8275","816015"
"8275","816024"
"8275","816029"
"8275","816031"
"8275","816090"
"8276","816006"
"8277","816004"
"8277","816020"
"8277","816027"
"8277","816090"
"8278","816001"
"8278","816002"
"8278","816010"
"8278","816013"
"8278","816014"
"8278","816016"
"8278","816019"
"8278","816090"
"8279","816025"
"8281","821101"
"8281","821102"
"8281","821103"
"8281","821104"
"8281","821105"
"8281","821106"
"8281","821107"
"8281","821108"
"8281","821109"
"8281","821110"
"8281","821111"
"8281","821112"
"8281","821113"
"8281","821114"
"8281","821115"
"8281","821116"
"8281","821190"
"8282","821201"
"8282","821202"
"8282","821203"
"8282","821204"
"8282","821205"
"8282","821206"
"8282","821290"
"8283","821301"
"8283","821302"
"8283","821304"
"8283","821305"
"8283","821306"
"8283","821303"
"8283","821390"
"8284","821901"
"8284","821903"
"8284","821906"
"8284","821990"
"8285","821902"
"8285","821905"
"8285","821990"
"8286","821904"
"8287","821907"
"8287","821990"
"8291","818302"
"8291","818901"
"8291","818303"
"8291","818304"
"8291","818902"
"8291","818301"
"8291","818990"
"8311","831102"
"8311","831104"
"8311","831103"
"8311","831107"
"8311","831101"
"8311","831105"
"8311","831106"
"8311","831190"
"8312","831201"
"8312","831204"
"8312","831205"
"8312","831207"
"8312","831208"
"8312","831209"
"8312","831211"
"8312","831202"
"8312","831203"
"8312","831206"
"8312","831210"
"8312","831290"
"8321","832203"
"8321","832205"
"8321","832201"
"8321","832202"
"8321","832204"
"8322","833101"
"8322","833102"
"8322","833103"
"8323","833202"
"8323","833203"
"8323","833201"
"8331","834105"
"8331","834106"
"8331","834107"
"8331","834101"
"8331","834102"
"8331","834104"
"8331","834108"
"8331","834109"
"8331","834110"
"8331","834111"
"8331","834190"
"8332","834201"
"8332","834202"
"8332","834203"
"8332","834204"
"8332","834290"
"8333","834301"
"8333","834302"
"8333","834303"
"8333","834306"
"8333","834307"
"8333","834308"
"8333","834309"
"8333","834311"
"8333","834312"
"8333","834313"
"8333","834314"
"8333","834315"
"8333","834316"
"8333","834317"
"8333","834304"
"8333","834305"
"8333","834310"
"8333","834390"
"8334","834401"
"8341","835001"
"8341","835002"
"8341","835003"
"8341","835004"
"8341","315213"
"8341","315104"
"8341","835090"
"8341","835005"
"9111","952001"
"9111","521201"
"9111","962990"
"9112","524301"
"9112","524403"
"9121","951001"
"9121","951003"
"9121","951004"
"9121","951002"
"9121","951090"
"9131","911101"
"9131","911102"
"9132","911201"
"9132","911202"
"9132","911203"
"9132","941201"
"9132","941101"
"9132","911204"
"9132","911206"
"9132","911207"
"9132","962904"
"9132","524601"
"9132","911205"
"9132","911208"
"9132","912901"
"9132","912902"
"9132","911290"
"9132","933401"
"9132","912903"
"9132","941202"
"9133","912101"
"9133","912102"
"9133","912103"
"9133","962990"
"9141","515301"
"9141","515302"
"9141","515303"
"9141","515390"
"9142","912201"
"9142","912202"
"9142","912301"
"9142","962990"
"9142","962201"
"9151","962101"
"9151","962102"
"9151","962103"
"9151","962104"
"9151","962105"
"9151","541307"
"9151","962107"
"9151","962106"
"9151","832101"
"9151","962190"
"9151","962201"
"9152","962901"
"9152","962902"
"9152","962903"
"9152","541306"
"9152","962905"
"9152","962906"
"9152","962990"
"9153","962301"
"9153","962302"
"9153","962990"
"9161","961101"
"9161","961102"
"9161","961201"
"9161","962990"
"9162","961302"
"9162","961303"
"9162","961301"
"9211","921101"
"9211","921301"
"9211","921201"
"9211","921401"
"9211","921402"
"9211","921403"
"9211","962990"
"9211","754402"
"9211","962201"
"9212","921501"
"9213","921601"
"9213","921502"
"9311","931101"
"9311","931102"
"9311","931190"
"9312","931202"
"9312","931204"
"9312","931205"
"9312","931206"
"9312","931207"
"9312","931201"
"9312","931290"
"9313","931301"
"9321","932901"
"9321","932903"
"9321","932101"
"9321","932911"
"9321","932912"
"9321","754301"
"9321","932913"
"9321","932914"
"9321","932915"
"9321","932902"
"9321","932904"
"9321","932905"
"9321","932906"
"9321","932909"
"9321","932910"
"9321","932907"
"9321","932908"
"9321","932990"
"9331","933201"
"9331","933301"
"9331","933302"
"9331","933304"
"9331","933305"
"9331","933306"
"9331","933307"
"9331","933308"
"9331","933309"
"9331","933202"
"9331","933390"
"9331","933303"
"9331","933101"
"0111","011101"
"0111","021101"
"0111","031101"
"0121","031101"
"0131","031101"
"0141","011101"
"0141","021101"
"0141","031101"
